[
  {
    "inputs": [
      {
        "internalType": "address",
        "name": "_obridgeProfileAddress",
        "type": "address"
      }
    ],
    "stateMutability": "nonpayable",
    "type": "constructor"
  },
  {
    "anonymous": false,
    "inputs": [
      {
        "indexed": true,
        "internalType": "address",
        "name": "previousOwner",
        "type": "address"
      },
      {
        "indexed": true,
        "internalType": "address",
        "name": "newOwner",
        "type": "address"
      }
    ],
    "name": "OwnershipTransferred",
    "type": "event"
  },
  {
    "inputs": [
      {
        "internalType": "address",
        "name": "_contractAddress",
        "type": "address"
      },
      {
        "internalType": "uint256",
        "name": "_campaignId",
        "type": "uint256"
      },
      {
        "internalType": "uint256",
        "name": "_thresholdToClaim",
        "type": "uint256"
      },
      {
        "internalType": "uint256",
        "name": "_numberPoints",
        "type": "uint256"
      }
    ],
    "name": "addIFOAddress",
    "outputs": [],
    "stateMutability": "nonpayable",
    "type": "function"
  },
  {
    "inputs": [
      {
        "internalType": "address",
        "name": "_userAddress",
        "type": "address"
      },
      {
        "internalType": "address",
        "name": "_contractAddress",
        "type": "address"
      }
    ],
    "name": "checkClaimStatus",
    "outputs": [
      {
        "internalType": "bool",
        "name": "",
        "type": "bool"
      }
    ],
    "stateMutability": "view",
    "type": "function"
  },
  {
    "inputs": [
      {
        "internalType": "address",
        "name": "_userAddress",
        "type": "address"
      },
      {
        "internalType": "address[]",
        "name": "_contractAddresses",
        "type": "address[]"
      }
    ],
    "name": "checkClaimStatuses",
    "outputs": [
      {
        "internalType": "bool[]",
        "name": "",
        "type": "bool[]"
      }
    ],
    "stateMutability": "view",
    "type": "function"
  },
  {
    "inputs": [
      {
        "internalType": "address",
        "name": "_contractAddress",
        "type": "address"
      }
    ],
    "name": "getPoints",
    "outputs": [],
    "stateMutability": "nonpayable",
    "type": "function"
  },
  {
    "inputs": [
      {
        "internalType": "address",
        "name": "",
        "type": "address"
      }
    ],
    "name": "ifos",
    "outputs": [
      {
        "internalType": "uint256",
        "name": "thresholdToClaim",
        "type": "uint256"
      },
      {
        "internalType": "uint256",
        "name": "campaignId",
        "type": "uint256"
      },
      {
        "internalType": "uint256",
        "name": "numberPoints",
        "type": "uint256"
      }
    ],
    "stateMutability": "view",
    "type": "function"
  },
  {
    "inputs": [],
    "name": "owner",
    "outputs": [
      {
        "internalType": "address",
        "name": "",
        "type": "address"
      }
    ],
    "stateMutability": "view",
    "type": "function"
  },
  {
    "inputs": [],
    "name": "renounceOwnership",
    "outputs": [],
    "stateMutability": "nonpayable",
    "type": "function"
  },
  {
    "inputs": [
      {
        "internalType": "address",
        "name": "newOwner",
        "type": "address"
      }
    ],
    "name": "transferOwnership",
    "outputs": [],
    "stateMutability": "nonpayable",
    "type": "function"
  }
]
