{
  "name": "Obridge Default List",
  "timestamp": "2022-11-01T11:45:09Z",
  "version": {
    "major": 4,
    "minor": 0,
    "patch": 0
  },
  "tags": {},
  "logoURI": "https://app.obridge.finance/logo.png",
  "keywords": [
    "obridge",
    "default"
  ],
  "tokens": [
    {
      "name": "Ethereum Vbit Token",
      "symbol": "VBIT",
      "address": "0xb8366948b4a3f07bcbf14eb1739daa42a26b07c4",
      "chainId": 1,
      "decimals": 18
    },
    {
      "name": "Binance Vbit Token",
      "symbol": "VBIT",
      "address": "0x0e32D5996087294f34D083243136c42E72713f64",
      "chainId": 56,
      "decimals": 18
    },
    {
      "name": "Avalanche Vbit Token",
      "symbol": "VBIT",
      "address": "0x9Bf843B1BA38edd1D737D0728f1B999E984Fa3fc",
      "chainId": 43114,
      "decimals": 18
    },
    {
      "name": "Polygon Vbit Token",
      "symbol": "VBIT",
      "address": "0x79E2913994c5378661283b63Aa5064991f738EA9",
      "chainId": 137,
      "decimals": 18
    },
    {
      "name": "Fantom Vbit Token",
      "symbol": "VBIT",
      "address": "0x9Bf843B1BA38edd1D737D0728f1B999E984Fa3fc",
      "chainId": 250,
      "decimals": 18
    },
    {
      "name": "Cronos Vbit Token",
      "symbol": "VBIT",
      "address": "0x9Bf843B1BA38edd1D737D0728f1B999E984Fa3fc",
      "chainId": 25,
      "decimals": 18
    }
  ]
}