[{
    "anonymous": false,
    "inputs": [{
        "indexed": false,
        "internalType": "uint8",
        "name": "version",
        "type": "uint8"
    }],
    "name": "Initialized",
    "type": "event"
}, {
    "anonymous": false,
    "inputs": [{
        "indexed": false,
        "internalType": "address",
        "name": "token",
        "type": "address"
    }, {
        "indexed": false,
        "internalType": "address",
        "name": "from",
        "type": "address"
    }, {
        "indexed": false,
        "internalType": "address",
        "name": "to",
        "type": "address"
    }, {
        "indexed": false,
        "internalType": "uint256",
        "name": "amount",
        "type": "uint256"
    }, {
        "indexed": false,
        "internalType": "uint256",
        "name": "fromChainID",
        "type": "uint256"
    }, {
        "indexed": false,
        "internalType": "uint256",
        "name": "toChainID",
        "type": "uint256"
    }, {
        "indexed": false,
        "internalType": "uint256",
        "name": "form",
        "type": "uint256"
    }],
    "name": "LogRouterSwapInEVM",
    "type": "event"
}, {
    "anonymous": false,
    "inputs": [{
        "indexed": true,
        "internalType": "address",
        "name": "previousOwner",
        "type": "address"
    }, {
        "indexed": true,
        "internalType": "address",
        "name": "newOwner",
        "type": "address"
    }],
    "name": "OwnershipTransferred",
    "type": "event"
}, {
    "inputs": [{
        "internalType": "address",
        "name": "token",
        "type": "address"
    }, {
        "internalType": "address",
        "name": "_minter",
        "type": "address"
    }],
    "name": "addMinter",
    "outputs": [{
        "internalType": "bool",
        "name": "",
        "type": "bool"
    }],
    "stateMutability": "nonpayable",
    "type": "function"
}, {
    "inputs": [{
        "internalType": "address",
        "name": "token",
        "type": "address"
    }, {
        "internalType": "address",
        "name": "from",
        "type": "address"
    }, {
        "internalType": "uint256",
        "name": "amount",
        "type": "uint256"
    }],
    "name": "burnOBToken",
    "outputs": [{
        "internalType": "bool",
        "name": "",
        "type": "bool"
    }],
    "stateMutability": "nonpayable",
    "type": "function"
}, {
    "inputs": [],
    "name": "chainID",
    "outputs": [{
        "internalType": "uint256",
        "name": "",
        "type": "uint256"
    }],
    "stateMutability": "view",
    "type": "function"
}, {
    "inputs": [{
        "internalType": "address",
        "name": "token",
        "type": "address"
    }, {
        "internalType": "address",
        "name": "_orgtoken",
        "type": "address"
    }],
    "name": "changeOrgToken",
    "outputs": [{
        "internalType": "bool",
        "name": "",
        "type": "bool"
    }],
    "stateMutability": "nonpayable",
    "type": "function"
}, {
    "inputs": [{
        "internalType": "address[]",
        "name": "tokenList",
        "type": "address[]"
    }, {
        "internalType": "address",
        "name": "newRouter",
        "type": "address"
    }],
    "name": "changeRouter",
    "outputs": [{
        "internalType": "bool",
        "name": "",
        "type": "bool"
    }],
    "stateMutability": "nonpayable",
    "type": "function"
}, {
    "inputs": [{
        "internalType": "address",
        "name": "_wNativeToken",
        "type": "address"
    }],
    "name": "initialize",
    "outputs": [],
    "stateMutability": "nonpayable",
    "type": "function"
}, {
    "inputs": [{
        "internalType": "address",
        "name": "token",
        "type": "address"
    }, {
        "internalType": "address",
        "name": "to",
        "type": "address"
    }, {
        "internalType": "uint256",
        "name": "amount",
        "type": "uint256"
    }],
    "name": "mintOBToken",
    "outputs": [{
        "internalType": "bool",
        "name": "",
        "type": "bool"
    }],
    "stateMutability": "nonpayable",
    "type": "function"
}, {
    "inputs": [],
    "name": "owner",
    "outputs": [{
        "internalType": "address",
        "name": "",
        "type": "address"
    }],
    "stateMutability": "view",
    "type": "function"
}, {
    "inputs": [{
        "internalType": "address",
        "name": "token",
        "type": "address"
    }, {
        "internalType": "address",
        "name": "_minter",
        "type": "address"
    }],
    "name": "removeMinter",
    "outputs": [{
        "internalType": "bool",
        "name": "",
        "type": "bool"
    }],
    "stateMutability": "nonpayable",
    "type": "function"
}, {
    "inputs": [],
    "name": "renounceOwnership",
    "outputs": [],
    "stateMutability": "nonpayable",
    "type": "function"
}, {
    "inputs": [{
        "internalType": "address",
        "name": "token",
        "type": "address"
    }, {
        "internalType": "address",
        "name": "to",
        "type": "address"
    }, {
        "internalType": "uint256",
        "name": "amount",
        "type": "uint256"
    }, {
        "internalType": "uint256",
        "name": "toChainID",
        "type": "uint256"
    }],
    "name": "swapInERC20Token",
    "outputs": [{
        "internalType": "bool",
        "name": "",
        "type": "bool"
    }],
    "stateMutability": "nonpayable",
    "type": "function"
}, {
    "inputs": [{
        "internalType": "address",
        "name": "token",
        "type": "address"
    }, {
        "internalType": "address",
        "name": "to",
        "type": "address"
    }, {
        "internalType": "uint256",
        "name": "toChainID",
        "type": "uint256"
    }],
    "name": "swapInNativeToken",
    "outputs": [{
        "internalType": "bool",
        "name": "",
        "type": "bool"
    }],
    "stateMutability": "payable",
    "type": "function"
}, {
    "inputs": [{
        "internalType": "address",
        "name": "token",
        "type": "address"
    }, {
        "internalType": "address",
        "name": "to",
        "type": "address"
    }, {
        "internalType": "uint256",
        "name": "amount",
        "type": "uint256"
    }, {
        "internalType": "uint256",
        "name": "toChainID",
        "type": "uint256"
    }],
    "name": "swapInOBToken",
    "outputs": [{
        "internalType": "bool",
        "name": "",
        "type": "bool"
    }],
    "stateMutability": "nonpayable",
    "type": "function"
}, {
    "inputs": [{
        "internalType": "uint256",
        "name": "uID",
        "type": "uint256"
    }, {
        "internalType": "address",
        "name": "token",
        "type": "address"
    }, {
        "internalType": "address",
        "name": "to",
        "type": "address"
    }, {
        "internalType": "uint256",
        "name": "amount",
        "type": "uint256"
    }],
    "name": "swapOut",
    "outputs": [{
        "internalType": "bool",
        "name": "",
        "type": "bool"
    }],
    "stateMutability": "nonpayable",
    "type": "function"
}, {
    "inputs": [{
        "internalType": "address",
        "name": "newOwner",
        "type": "address"
    }],
    "name": "transferOwnership",
    "outputs": [],
    "stateMutability": "nonpayable",
    "type": "function"
}, {
    "inputs": [],
    "name": "wNativeToken",
    "outputs": [{
        "internalType": "address",
        "name": "",
        "type": "address"
    }],
    "stateMutability": "view",
    "type": "function"
}, {
    "stateMutability": "payable",
    "type": "receive"
}]