{
    "1": {
        "chainId": "1",
        "name": "Ethereum Mainnet",
        "rpcUrl": "https://eth-rpc.gateway.pokt.network/",
        "scanUrl": "https://etherscan.io",
        "wssUrl": "",
        "blockPeriod": "3000",
        "routerAddress": "0x0Df68E6269F2838C57Be3DA066b0c7AfF1da256a"
    },
    "56": {
        "chainId": "56",
        "name": "Binance Smart Chain",
        "rpcUrl": "https://bsc-dataseed1.binance.org/",
        "scanUrl": "https://bscscan.com/",
        "wssUrl": "",
        "blockPeriod": "3000",
        "routerAddress": "0x0Df68E6269F2838C57Be3DA066b0c7AfF1da256a"
    },
    "97": {
        "chainId": "97",
        "name": "BSC Testnet",
        "rpcUrl": "https://data-seed-prebsc-1-s1.binance.org:8545",
        "scanUrl": "https://testnet.bscscan.com/",
        "wssUrl": "",
        "blockPeriod": "3000",
        "routerAddress": "0x1b2135510B6D350d46Ef0455E08B4C7C7A811534"
    },
    "7363": {
        "chainId": "7363",
        "name": "DND Network",
        "rpcUrl": "https://rpc.dynochain.io/",
        "scanUrl": "https://dynoscan.io/",
        "wssUrl": "",
        "blockPeriod": "3000",
        "routerAddress": "0x8BD3CE58362074bf1aF429D4eb9398c17d614597"
    },
    "7364": {
        "chainId": "7364",
        "name": "DND Testnet",
        "rpcUrl": "https://rpctest.dynochain.io/",
        "scanUrl": "https://testnet.dynoscan.io/",
        "wssUrl": "",
        "blockPeriod": "3000",
        "routerAddress": "0x8BD3CE58362074bf1aF429D4eb9398c17d614597"
    },
    "43114": {
        "chainId": "43114",
        "name": "Avalanche Network",
        "rpcUrl": "https://rpc.ankr.com/avalanche",
        "scanUrl": "https://snowtrace.io/",
        "wssUrl": "",
        "blockPeriod": "3000",
        "routerAddress": "0x8109746c445AEa12B029A93b1163770210762427"
    },
    "43113": {
        "chainId": "43113",
        "name": "Avalanche Testnet",
        "rpcUrl": "https://endpoints.omniatech.io/v1/avax/fuji/public",
        "scanUrl": "https://testnet.snowtrace.io",
        "wssUrl": "",
        "blockPeriod": "3000",
        "routerAddress": "0x096F521387d2CfCE40E09DF8d840cbDa4D04B5be"
    },
    "250": {
        "chainId": "250",
        "name": "Fantom Opera",
        "rpcUrl": "https://rpc.ftm.tools",
        "scanUrl": "https://ftmscan.com",
        "wssUrl": "",
        "blockPeriod": "3000",
        "routerAddress": "0x8109746c445AEa12B029A93b1163770210762427"
    },
    "137": {
        "chainId": "137",
        "name": "Polygon Mainnet",
        "rpcUrl": "https://polygon-mainnet.public.blastapi.io",
        "scanUrl": "https://polygonscan.com/",
        "wssUrl": "",
        "blockPeriod": "3000",
        "routerAddress": "0x0e32D5996087294f34D083243136c42E72713f64"
    },
    "25": {
        "chainId": "25",
        "name": "Cronos Mainnet Beta",
        "rpcUrl": "https://evm.cronos.org",
        "scanUrl": "https://cronoscan.com",
        "wssUrl": "",
        "blockPeriod": "3000",
        "routerAddress": "0x0e32D5996087294f34D083243136c42E72713f64"
    }
}